timestamp,feedback_text,rating,user_type
2025-09-26T06:46:14.301988,test feeback 1,4,student
2025-09-26T06:47:56.593392,tes feedback 2,3,student
2025-09-26T09:38:56.120406,test feedback 3,5,student
2025-09-29T08:05:34.472099,test feedback 4,4,student
2025-09-29T08:07:02.210719,test feedback 5,5,student
2025-09-30T12:19:30.845163,test feedback 6,4,student
2025-09-30T12:45:27.968011,test feedback 7,5,student
2025-09-30T14:28:19.930443,test feedback 8,2,student
2025-09-30T14:41:00.835105,test feedback for langsmith,4,student
2025-09-30T14:47:05.025355,test feedback for langsmith,5,student
2025-09-30T15:04:22.789878,test feedback 9,5,student
2025-09-30T15:09:33.905587,test feedback 10,5,student
2025-09-30T17:14:10.168207,test feedback 11,5,student
2025-10-01T08:36:34.526012,test feedback,5,student
2025-10-01T08:44:17.653631,test feedback,5,student
2025-10-01T08:57:26.701395,test feedback,5,student
2025-10-01T11:11:46.244530,test feedback,5,student,1759278955037
2025-10-01T14:20:31.425118,test feedback,5,student,1759278955037
2025-10-02T09:12:17.109855,test feedback,5,student,1759367478913
2025-10-06T07:52:12.966314,test feedback,5,student,1759708243542
2025-10-08T12:25:29.455658,test feedbak,5,student,1759897495771
2025-10-10T16:40:34.663850,more test feedback,5,student,1760085512534
2025-10-13T08:31:45.926760,more test feedback,5,student,1760315458221
2025-10-13T09:57:07.530228,nice,3,student,1760315458221
2025-10-25T14:42:11.816627,test,5,student,1761374525902
2025-10-28T15:52:08.665327,test,5,student,1761637481159
2025-10-29T17:10:26.129550,feedback from phone,5,student,1761728974969
2025-10-30T06:37:01.407293,test,5,student,1761777410330
2025-10-30T06:45:23.539267,test,5,student,1761777917810
2025-10-30T06:58:15.409798,feedback from phone 2,5,student,1761778688140
2025-10-30T09:44:06.589460,great!,5,student,1761788556449
2025-10-30T11:56:24.479884,feedback from phone 3,5,student,1761796574476
